<?xml version="1.0" encoding="UTF-8"?>
<!DOCTYPE plist PUBLIC "-//Apple//DTD PLIST 1.0//EN" "http://www.apple.com/DTDs/PropertyList-1.0.dtd">
<plist version="1.0">
<array>
	<string>World Wide</string>
	<string>United States</string>
	<string>Argentina</string>
	<string>Australia</string>
	<string>Austria</string>
	<string>Belgium</string>
	<string>Brazil</string>
	<string>Canada</string>
	<string>Chile</string>
	<string>China</string>
	<string>Colombia</string>
	<string>Costa Rica</string>
	<string>Croatia</string>
	<string>Czech Republic</string>
	<string>Denmark</string>
	<string>El Salvador</string>
	<string>Finland</string>
	<string>France</string>
	<string>Germany</string>
	<string>Greece</string>
	<string>Guatemala</string>
	<string>Hong Kong</string>
	<string>Hungary</string>
	<string>India</string>
	<string>Indonesia</string>
	<string>Ireland</string>
	<string>Israel</string>
	<string>Italy</string>
	<string>Japan</string>
	<string>Kuwait</string>
	<string>Lebanon</string>
	<string>Luxembourg</string>
	<string>Malaysia</string>
	<string>Mexico</string>
	<string>Netherlands</string>
	<string>New Zealand</string>
	<string>Norway</string>
	<string>Pakistan</string>
	<string>Panama</string>
	<string>Peru</string>
	<string>Philippines</string>
	<string>Poland</string>
	<string>Portugal</string>
	<string>Qatar</string>
	<string>Romania</string>
	<string>Russian Federation</string>
	<string>Saudi Arabia</string>
	<string>Singapore</string>
	<string>Slovakia</string>
	<string>Slovenia</string>
	<string>South Africa</string>
	<string>South Korea</string>
	<string>Spain</string>
	<string>Sri Lanka</string>
	<string>Sweden</string>
	<string>Switzerland</string>
	<string>Taiwan, Province of China</string>
	<string>Thailand</string>
	<string>Turkey</string>
	<string>United Arab Emirates</string>
	<string>United Kingdom</string>
	<string>United States</string>
	<string>Venezuela</string>
	<string>Viet Nam</string>
	<string>World Wide</string>
</array>
</plist>
