<?xml version="1.0" encoding="UTF-8"?>
<!DOCTYPE plist PUBLIC "-//Apple//DTD PLIST 1.0//EN" "http://www.apple.com/DTDs/PropertyList-1.0.dtd">
<plist version="1.0">
<dict>
    <!-- Video Info -->
    <key>Language</key>
    <string>10000</string>
    <key>Vendor ID</key>
    <string>10010</string>
    <key>Subtype</key>
    <string>10020</string>
    <key>ISAN</key>
    <string>10030</string>
    <key>UPC</key>
    <string>10040</string>
    <key>AMG Video ID</key>
    <string>10050</string>
    <key>Country</key>
    <string>10060</string>
    <key>Title</key>
    <string>10070</string>
    <key>First Genre</key>
    <string>10080</string>
    <key>Second Genre</key>
    <string>10090</string>
    <key>Production Company</key>
    <string>10100</string>
    <key>Copyright ©</key>
    <string>10110</string>
    <key>Ratings Table View</key>
    <string>10120</string>
    <key>Ratings Add Button</key>
    <string>10130</string>
    <key>Ratings Remove Button</key>
    <string>10140</string>
    <key>Synopsis</key>
    <string>10150</string>
    <key>Original Spoken Locale</key>
    <string>10160</string>
    <key>Theatrical Release Date</key>
    <string>10170</string>

    <!-- Video Cast and Crew -->
    <key>Cast Table View</key>
    <string>11000</string>
    <key>Cast Add Button</key>
    <string>11010</string>
    <key>Cast Remove Button</key>
    <string>11020</string>
    <key>Crew Table View</key>
    <string>11030</string>
    <key>Crew Add Button</key>
    <string>11040</string>
    <key>Crew Remove Button</key>
    <string>11050</string>

    <!-- Video Territory Rights -->
    <key>Territory Rights Table View</key>
    <string>12000</string>
    <key>Territory Rights Add Button</key>
    <string>12010</string>
    <key>Territory Rights Remove Button</key>
    <string>12020</string>
    <key>Territory Rights Add Group Button</key>
    <string>12030</string>
    <key>Territory Rights Make Default Button</key>
    <string>12040</string>

    <!-- Video Territory Rights Details -->
    <key>Territory Rights Combo Box</key>
    <string>12100</string>
    <key>Territory Rights Sales Start Date</key>
    <string>12110</string>
    <key>Territory Rights Pre-Order Sales Start Date</key>
    <string>12120</string>
    <key>Territory Rights Sales End Date</key>
    <string>12130</string>
    <key>Territory Rights Physical Release Date</key>
    <string>12140</string>
    <key>Territory Rights Available VOD Date</key>
    <string>12150</string>
    <key>Territory Rights Unavailable VOD Date</key>
    <string>12160</string>
    <key>Territory Rights Wholesale Price Tier</key>
    <string>12170</string>
    <key>Territory Rights Cleared For Sale</key>
    <string>12200</string>
    <key>Territory Rights Cleared For HD Sale</key>
    <string>12210</string>
    <key>Territory Rights Cleared For VOD</key>
    <string>12220</string>
    <key>Territory Rights Cleared For HD VOD</key>
    <string>12230</string>
    <key>Territory Rights VOD Type</key>
    <string>12240</string>

    <!-- Assets Info -->
    <key>Assets Table View</key>
    <string>20000</string>
    <key>Assets Add Asset Button</key>
    <string>20010</string>
    <key>Assets Remove Asset Button</key>
    <string>20020</string>
    <key>Assets Data File Table View</key>
    <string>20030</string>
    <key>Assets Data File Add Button</key>
    <string>20040</string>
    <key>Assets Data File Remove Button</key>
    <string>20050</string>
    <key>Assets Territories Table View</key>
    <string>20060</string>
    <key>Assets Territories Add Button</key>
    <string>20070</string>
    <key>Assets Territories Remove Button</key>
    <string>20080</string>

    <!-- Assets Info Details -->
    <key>Assets File Well</key>
    <string>20100</string>
    <key>Assets File Choose Button</key>
    <string>20110</string>
    <key>Assets Attributes Table View</key>
    <string>20120</string>
    <key>Assets Attributes Add Button</key>
    <string>20130</string>
    <key>Assets Attributes Remove Button</key>
    <string>20140</string>
    <key>Assets File Name</key>
    <string>20200</string>
    <key>Assets File Size</key>
    <string>20210</string>
    <key>Assets File Checksum</key>
    <string>20220</string>
    <key>Assets File Checksum Button</key>
    <string>20230</string>
    <key>Assets Locale</key>
    <string>20240</string>

    <!-- Assets Preview -->
    <!-- Nada so far    -->
    
    <!-- Chapters -->
    <key>Chapters Table View</key>
    <string>30000</string>
    <key>Chapters Add Button</key>
    <string>30010</string>
    <key>Chapters Remove Button</key>
    <string>30020</string>
    <key>Chapters Time Code Format</key>
    <string>30030</string>

    <!-- Chapters Details -->
    <key>Chapters Start Time</key>
    <string>30100</string>
    <key>Chapters Title</key>
    <string>30110</string>
    <key>Chapters Locale</key>
    <string>30120</string>
    <key>Chapters Additional Titles Table View</key>
    <string>30130</string>
    <key>Chapters Title Add Button</key>
    <string>30140</string>
    <key>Chapters Title Remove Button</key>
    <string>30150</string>
    <key>Chapters Art File Well</key>
    <string>30160</string>
    <key>Chapters Art Choose Button</key>
    <string>30170</string>

    <!-- Locales Locales -->
    <key>Locales Table View</key>
    <string>40000</string>
    <key>Locales Add Button</key>
    <string>40010</string>
    <key>Locales Remove Button</key>
    <string>40020</string>
    
    <!-- Locales Locales Details -->
    <key>Locales Title</key>
    <string>40100</string>
    <key>Locales Synopsis</key>
    <string>40110</string>

    <!-- Locales Regions -->
    <key>Regions Table View</key>
    <string>41000</string>
    <key>Regions Add Button</key>
    <string>41010</string>
    <key>Regions Remove Button</key>
    <string>41020</string>
    
    <!-- Locales Regions Details -->
    <key>Regions Territory Combo Box</key>
    <string>41100</string>
    <key>Regions Copyright</key>
    <string>41110</string>
    <key>Regions PCopyright</key>
    <string>41120</string>
    <key>Regions Theatrical Release Date</key>
    <string>41130</string>

    <!-- Delivery -->
    <key>Delivery Problems Table View</key>
    <string>50000</string>
    <key>Deliver Button</key>
    <string>50010</string>
</dict>
</plist>
