<?xml version="1.0" encoding="UTF-8"?>
<!DOCTYPE plist PUBLIC "-//Apple//DTD PLIST 1.0//EN" "http://www.apple.com/DTDs/PropertyList-1.0.dtd">
<plist version="1.0">
<dict>
 	<key>Default (HH:MM:SS)</key>
	<string>qt_text</string>
	<key>24fps (HH:MM:SS:FF)</key>
	<string>24/1:1/nonDrop</string>
	<key>NTSC video (HH:MM:SS;FF)</key>
	<string>30/1000:1001/dropNTSC</string>
	<key>ATSC 24p (HH:MM:SS;FF)</key>
	<string>24/1000:1001/dropNTSC</string>
	<key>PAL (HH:MM:SS:FF)</key>
	<string>25/1:1/nonDrop</string>
</dict>
</plist>
