<?xml version="1.0" encoding="UTF-8"?>
<!DOCTYPE plist PUBLIC "-//Apple//DTD PLIST 1.0//EN" "http://www.apple.com/DTDs/PropertyList-1.0.dtd">
<plist version="1.0">
<array>
    <string>Action &amp; Adventure</string>
    <string>Anime</string>
    <string>Classics</string>
    <string>Comedy</string>
    <string>Concert Film</string>
    <string>Documentary</string>
    <string>Drama</string>
    <string>Foreign</string>
    <string>Horror</string>
    <string>Independent</string>
    <string>Kids &amp; Family</string>
    <string>Music Documentary</string>
    <string>Music Feature Film</string>
    <string>Musicals</string>
    <string>Romance</string>
    <string>Sci-Fi &amp; Fantasy</string>
    <string>Short Films</string>
    <string>Special Interest</string>
    <string>Thriller</string>
    <string>Sports</string>
    <string>Western</string>
    <string>Urban</string>
</array>
</plist>
