<?xml version="1.0" encoding="UTF-8" standalone="yes"?>
<!DOCTYPE plist PUBLIC "-//Apple//DTD PLIST 1.0//EN" "http://www.apple.com/DTDs/PropertyList-1.0.dtd">
<plist version="1.0">
<!-- The code is the apdid of the AppleTopic from the Sweet APD doc. -->
<!-- The name is used in nibs. The help button has a user defined runtime attribute with this value. -->
<!-- Added new help links on 8/6/13 AEG. -->
<!-- Added new help links (plus commented out free pricing because feature dropped) on 8/22/13 AEG. -->
<!-- Added new help links on 9/19/13 AEG. -->
	<array>
        <dict>
            <key>code</key>
            <string>apda4e6ebce9</string>
            <key>name</key>
            <string>InformationTab</string>
        </dict>
        <dict>
            <key>code</key>
            <string>apda56d318b5</string>
            <key>name</key>
            <string>AssetsTab</string>
        </dict>
        <dict>
            <key>code</key>
            <string>apda6f7c7843</string>
            <key>name</key>
            <string>PublishYourBook</string>
        </dict>
        <dict>
            <key>code</key>
            <string>apdaf2620790</string>
            <key>name</key>
            <string>AddRightsAndPricing</string>
        </dict>
        <dict>
            <key>code</key>
            <string>apda75e01629</string>
            <key>name</key>
            <string>EditRightsAndPricing</string>
        </dict>
        <dict>
            <key>code</key>
            <string>apda75e01629</string>
            <key>name</key>
            <string>EditRightsAndPricingForMultipleTiers</string>
        </dict>
        <dict>
            <key>code</key>
            <string>apda21645098</string>
            <key>name</key>
            <string>AddSinglePriceTier</string>
        </dict>
        <dict>
            <key>code</key>
            <string>apda21645098</string>
            <key>name</key>
            <string>AddMultiplePriceTiers</string>
        </dict>
        <dict>
            <key>code</key>
            <string>apdaf43aa463</string>
            <key>name</key>
            <string>EditPriceTier</string>
        </dict>
        <dict>
            <key>code</key>
            <string>apda7f20b641</string>
            <key>name</key>
            <string>PreferencesGeneral</string>
        </dict>
        <dict>
            <key>code</key>
            <string>apda805f1fa7</string>
            <key>name</key>
            <string>PreferencesAdvanced</string>
        </dict>
        <dict>
            <key>code</key>
            <string>apda404a518c</string>
            <key>name</key>
            <string>PricingTab</string>
        </dict>
<!--        <dict>				-->
<!--            <key>code</key>		-->
<!--            <string></string>		-->
<!--            <key>name</key>		-->
<!--            <string>FreePricing</string>	-->
<!--        </dict>				-->
	</array>
</plist>
