<?xml version="1.0" encoding="UTF-8"?>
<!DOCTYPE plist PUBLIC "-//Apple//DTD PLIST 1.0//EN" "http://www.apple.com/DTDs/PropertyList-1.0.dtd">
<plist version="1.0">
<dict>
	<key>Abkhazian</key>
	<string>ab</string>
	<key>Afar</key>
	<string>aa</string>
	<key>Afrikaans</key>
	<string>af</string>
	<key>Albanian</key>
	<string>sq</string>
	<key>Amharic</key>
	<string>am</string>
	<key>Arabic</key>
	<string>ar</string>
	<key>Armenian</key>
	<string>hy</string>
	<key>Assamese</key>
	<string>as</string>
	<key>Aymara</key>
	<string>ay</string>
	<key>Azerbaijani</key>
	<string>az</string>
	<key>Bashkir</key>
	<string>ba</string>
	<key>Basque</key>
	<string>eu</string>
	<key>Bengali</key>
	<string>bn</string>
	<key>Bhutani</key>
	<string>dz</string>
	<key>Bihari</key>
	<string>bh</string>
	<key>Bislama</key>
	<string>bi</string>
	<key>Breton</key>
	<string>br</string>
	<key>Bulgarian</key>
	<string>bg</string>
	<key>Burmese</key>
	<string>my</string>
	<key>Byelorussian</key>
	<string>be</string>
	<key>Cambodian</key>
	<string>km</string>
	<key>Catalan</key>
	<string>ca</string>
	<key>Chinese</key>
	<string>zh</string>
	<key>Corsican</key>
	<string>co</string>
	<key>Croatian</key>
	<string>hr</string>
	<key>Czech</key>
	<string>cs</string>
	<key>Danish</key>
	<string>da</string>
	<key>Dutch</key>
	<string>nl</string>
	<key>English</key>
	<string>en</string>
	<key>Esperanto</key>
	<string>eo</string>
	<key>Estonian</key>
	<string>et</string>
	<key>Faeroese</key>
	<string>fo</string>
	<key>Fiji</key>
	<string>fj</string>
	<key>Finnish</key>
	<string>fi</string>
	<key>French</key>
	<string>fr</string>
	<key>Frisian</key>
	<string>fy</string>
	<key>Gaelic</key>
	<string>gd</string>
	<key>Galician</key>
	<string>gl</string>
	<key>Georgian</key>
	<string>ka</string>
	<key>German</key>
	<string>de</string>
	<key>Greek</key>
	<string>el</string>
	<key>Greenlandic</key>
	<string>kl</string>
	<key>Guarani</key>
	<string>gn</string>
	<key>Gujarati</key>
	<string>gu</string>
	<key>Hausa</key>
	<string>ha</string>
	<key>Hebrew</key>
	<string>he</string>
	<key>Hindi</key>
	<string>hi</string>
	<key>Hungarian</key>
	<string>hu</string>
	<key>Icelandic</key>
	<string>is</string>
	<key>Indonesian</key>
	<string>in</string>
	<key>Interlingua</key>
	<string>ia</string>
	<key>Interlingue</key>
	<string>ie</string>
	<key>Inupiak</key>
	<string>ik</string>
	<key>Irish</key>
	<string>ga</string>
	<key>Italian</key>
	<string>it</string>
	<key>Japanese</key>
	<string>ja</string>
	<key>Javanese</key>
	<string>jw</string>
	<key>Kannada</key>
	<string>kn</string>
	<key>Kashmiri</key>
	<string>ks</string>
	<key>Kazakh</key>
	<string>kk</string>
	<key>Kinyarwanda</key>
	<string>rw</string>
	<key>Kirghiz</key>
	<string>ky</string>
	<key>Kirundi</key>
	<string>rn</string>
	<key>Korean</key>
	<string>ko</string>
	<key>Kurdish</key>
	<string>ku</string>
	<key>Laothian</key>
	<string>lo</string>
	<key>Latin</key>
	<string>la</string>
	<key>Latvian</key>
	<string>lv</string>
	<key>Lingala</key>
	<string>ln</string>
	<key>Lithuanian</key>
	<string>lt</string>
	<key>Macedonian</key>
	<string>mk</string>
	<key>Malagasy</key>
	<string>mg</string>
	<key>Malay</key>
	<string>ms</string>
	<key>Malayalam</key>
	<string>ml</string>
	<key>Maltese</key>
	<string>mt</string>
	<key>Maori</key>
	<string>mi</string>
	<key>Marathi</key>
	<string>mr</string>
	<key>Moldavian</key>
	<string>mo</string>
	<key>Mongolian</key>
	<string>mn</string>
	<key>Nauru</key>
	<string>na</string>
	<key>Nepali</key>
	<string>ne</string>
	<key>Norwegian</key>
	<string>no</string>
	<key>Occitan</key>
	<string>oc</string>
	<key>Oriya</key>
	<string>or</string>
	<key>Oromo</key>
	<string>om</string>
	<key>Pashto</key>
	<string>ps</string>
	<key>Persian</key>
	<string>fa</string>
	<key>Polish</key>
	<string>pl</string>
	<key>Portuguese</key>
	<string>pt</string>
	<key>Punjabi</key>
	<string>pa</string>
	<key>Quechua</key>
	<string>qu</string>
	<key>Rhaeto-Romance</key>
	<string>rm</string>
	<key>Romanian</key>
	<string>ro</string>
	<key>Russian</key>
	<string>ru</string>
	<key>Samoan</key>
	<string>sm</string>
	<key>Sangro</key>
	<string>sg</string>
	<key>Sanskrit</key>
	<string>sa</string>
	<key>Serbian</key>
	<string>sr</string>
	<key>Serbo-Croatian</key>
	<string>sh</string>
	<key>Sesotho</key>
	<string>st</string>
	<key>Setswana</key>
	<string>tn</string>
	<key>Shona</key>
	<string>sn</string>
	<key>Sindhi</key>
	<string>sd</string>
	<key>Singhalese</key>
	<string>si</string>
	<key>Siswati</key>
	<string>ss</string>
	<key>Slovak</key>
	<string>sk</string>
	<key>Slovenian</key>
	<string>sl</string>
	<key>Somali</key>
	<string>so</string>
	<key>Spanish</key>
	<string>es</string>
	<key>Sudanese</key>
	<string>su</string>
	<key>Swahili</key>
	<string>sw</string>
	<key>Swedish</key>
	<string>sv</string>
	<key>Tagalog</key>
	<string>tl</string>
	<key>Tajik</key>
	<string>tg</string>
	<key>Tamil</key>
	<string>ta</string>
	<key>Tatar</key>
	<string>tt</string>
	<key>Tegulu</key>
	<string>te</string>
	<key>Thai</key>
	<string>th</string>
	<key>Tibetan</key>
	<string>bo</string>
	<key>Tigrinya</key>
	<string>ti</string>
	<key>Tonga</key>
	<string>to</string>
	<key>Tsonga</key>
	<string>ts</string>
	<key>Turkish</key>
	<string>tr</string>
	<key>Turkmen</key>
	<string>tk</string>
	<key>Twi</key>
	<string>tw</string>
	<key>Ukrainian</key>
	<string>uk</string>
	<key>Urdu</key>
	<string>ur</string>
	<key>Uzbek</key>
	<string>uz</string>
	<key>Vietnamese</key>
	<string>vi</string>
	<key>Volapuk</key>
	<string>vo</string>
	<key>Welsh</key>
	<string>cy</string>
	<key>Wolof</key>
	<string>wo</string>
	<key>Xhosa</key>
	<string>xh</string>
	<key>Yiddish</key>
	<string>ji</string>
	<key>Yoruba</key>
	<string>yo</string>
	<key>Zulu</key>
	<string>zu</string>
</dict>
</plist>
