<?xml version="1.0" encoding="UTF-8" standalone="yes"?>
<!DOCTYPE plist PUBLIC "-//Apple//DTD PLIST 1.0//EN" "http://www.apple.com/DTDs/PropertyList-1.0.dtd">
<plist version="1.0">
	<array>
		<dict>
			<key>code</key>
			<string>DIALOGUE-00</string>
			<key>name</key>
			<string>Dialogue</string>
		</dict>
		<dict>
			<key>code</key>
			<string>MUSIC-00</string>
			<key>name</key>
			<string>Music</string>
		</dict>
		<dict>
			<key>code</key>
			<string>SOUND-EFFECTS-00</string>
			<key>name</key>
			<string>Sound Effects</string>
		</dict>
	</array>
</plist>