<?xml version="1.0" encoding="UTF-8" standalone="yes"?>
<!DOCTYPE plist PUBLIC "-//Apple//DTD PLIST 1.0//EN" "http://www.apple.com/DTDs/PropertyList-1.0.dtd">
<plist version="1.0">
<array>
	<dict>
		<key>name</key>
		<string>All Music</string>
		<key>code</key>
		<string>all</string>
	</dict>
	<dict>
		<key>name</key>
		<string>Album Name</string>
		<key>code</key>
		<string>name</string>
	</dict>
	<dict>
		<key>name</key>
		<string>UPC</string>
		<key>code</key>
		<string>upc</string>
	</dict>
	<dict>
		<key>name</key>
		<string>Vendor ID</string>
		<key>code</key>
		<string>vendorid</string>
	</dict>
	<dict>
		<key>name</key>
		<string>Apple ID</string>
		<key>code</key>
		<string>adamid</string>
	</dict>
</array>
</plist>