<?xml version="1.0" encoding="UTF-8" standalone="yes"?>
<!DOCTYPE plist PUBLIC "-//Apple//DTD PLIST 1.0//EN" "http://www.apple.com/DTDs/PropertyList-1.0.dtd">
<plist version="1.0">
<array>
	<dict>
		<key>name</key>
		<string>ISBN-10</string>
		<key>code</key>
		<string>02</string>
	</dict>
	<dict>
		<key>name</key>
		<string>GTIN-13</string>
		<key>code</key>
		<string>03</string>
	</dict>
	<dict>
		<key>name</key>
		<string>UPC</string>
		<key>code</key>
		<string>04</string>
	</dict>
	<dict>
		<key>name</key>
		<string>ISMN</string>
		<key>code</key>
		<string>05</string>
	</dict>
	<dict>
		<key>name</key>
		<string>DOI</string>
		<key>code</key>
		<string>06</string>
	</dict>
	<dict>
		<key>name</key>
		<string>LCCN</string>
		<key>code</key>
		<string>13</string>
	</dict>
	<dict>
		<key>name</key>
		<string>GTIN-14</string>
		<key>code</key>
		<string>14</string>
	</dict>
	<dict>
		<key>name</key>
		<string>ISBN-13</string>
		<key>code</key>
		<string>15</string>
	</dict>
	<dict>
		<key>name</key>
		<string>Legal deposit number</string>
		<key>code</key>
		<string>17</string>
	</dict>
	<dict>
		<key>name</key>
		<string>URN</string>
		<key>code</key>
		<string>22</string>
	</dict>
	<dict>
		<key>name</key>
		<string>OCLC Number</string>
		<key>code</key>
		<string>23</string>
	</dict>
	<dict>
		<key>name</key>
		<string>Co-publisher's ISBN-13</string>
		<key>code</key>
		<string>24</string>
	</dict>
</array>
</plist>