<?xml version="1.0" encoding="UTF-8" standalone="yes"?>
<!DOCTYPE plist PUBLIC "-//Apple//DTD PLIST 1.0//EN" "http://www.apple.com/DTDs/PropertyList-1.0.dtd">
<plist version="1.0">
	<array>
		<dict>
			<key>code</key>
			<string>0</string>

			<key>name</key>
			<string>Thème non précisé</string>

		</dict>
		<dict>
			<key>code</key>
			<string>1900</string>

			<key>name</key>
			<string>Scolaire</string>

			<key>subcategories</key>
			<array>
				<dict>
					<key>code</key>
					<string>1940</string>

					<key>name</key>
					<string>Parascolaire</string>

				</dict>
				<dict>
					<key>code</key>
					<string>1941</string>

					<key>name</key>
					<string>Parascolaire / Pédagogie</string>

				</dict>
				<dict>
					<key>code</key>
					<string>1942</string>

					<key>name</key>
					<string>Parascolaire / Informatique/Multimédia</string>

				</dict>
				<dict>
					<key>code</key>
					<string>1943</string>

					<key>name</key>
					<string>Parascolaire / Diapo/Vidéo/Audio</string>

				</dict>
				<dict>
					<key>code</key>
					<string>1944</string>

					<key>name</key>
					<string>Parascolaire / Matériel éducatif/scolaire</string>

				</dict>
				<dict>
					<key>code</key>
					<string>1945</string>

					<key>name</key>
					<string>Parascolaire / Cahier de vacances</string>

				</dict>
				<dict>
					<key>code</key>
					<string>1946</string>

					<key>name</key>
					<string>Parascolaire / Cahiers de soutien</string>

				</dict>
				<dict>
					<key>code</key>
					<string>1947</string>

					<key>name</key>
					<string>Parascolaire / Ouvrages de référence</string>

				</dict>
				<dict>
					<key>code</key>
					<string>1948</string>

					<key>name</key>
					<string>Parascolaire / Universitaire/Para-Universitaire/Adulte</string>

				</dict>
				<dict>
					<key>code</key>
					<string>1949</string>

					<key>name</key>
					<string>Parascolaire / Classiques pédagogiques</string>

				</dict>
				<dict>
					<key>code</key>
					<string>1910</string>

					<key>name</key>
					<string>Préscolaire et primaire</string>

				</dict>
				<dict>
					<key>code</key>
					<string>1950</string>

					<key>name</key>
					<string>Pédagogie et formation des enseignants</string>

				</dict>
				<dict>
					<key>code</key>
					<string>1920</string>

					<key>name</key>
					<string>Secondaire</string>

				</dict>
				<dict>
					<key>code</key>
					<string>1921</string>

					<key>name</key>
					<string>Secondaire / Secondaire Premier cycle</string>

				</dict>
				<dict>
					<key>code</key>
					<string>1922</string>

					<key>name</key>
					<string>Secondaire / Secondaire Deuxième cycle</string>

				</dict>
				<dict>
					<key>code</key>
					<string>1930</string>

					<key>name</key>
					<string>Technique et commercial</string>

				</dict>
			</array>

		</dict>
		<dict>
			<key>code</key>
			<string>2000</string>

			<key>name</key>
			<string>Scientifiques et techniques et sciences humaines</string>

			<key>subcategories</key>
			<array>
				<dict>
					<key>code</key>
					<string>2060</string>

					<key>name</key>
					<string>Droit</string>

				</dict>
				<dict>
					<key>code</key>
					<string>2050</string>

					<key>name</key>
					<string>Informatique</string>

				</dict>
				<dict>
					<key>code</key>
					<string>2040</string>

					<key>name</key>
					<string>Management, gestion &amp; économie d&apos;entreprise</string>

				</dict>
				<dict>
					<key>code</key>
					<string>2030</string>

					<key>name</key>
					<string>Médecine</string>

				</dict>
				<dict>
					<key>code</key>
					<string>2090</string>

					<key>name</key>
					<string>Religion/ésotérisme</string>

				</dict>
				<dict>
					<key>code</key>
					<string>2091</string>

					<key>name</key>
					<string>Religion/ésotérisme / Religion</string>

				</dict>
				<dict>
					<key>code</key>
					<string>2092</string>

					<key>name</key>
					<string>Religion/ésotérisme / Esotérisme, occultisme</string>

				</dict>
				<dict>
					<key>code</key>
					<string>2020</string>

					<key>name</key>
					<string>Sciences humaines</string>

				</dict>
				<dict>
					<key>code</key>
					<string>2021</string>

					<key>name</key>
					<string>Sciences humaines / Sciences humaines générales</string>

				</dict>
				<dict>
					<key>code</key>
					<string>2070</string>

					<key>name</key>
					<string>Sciences politiques</string>

				</dict>
				<dict>
					<key>code</key>
					<string>2010</string>

					<key>name</key>
					<string>Sciences pures, techniques et sciences appliquées</string>

				</dict>
				<dict>
					<key>code</key>
					<string>2011</string>

					<key>name</key>
					<string>Sciences pures, techniques et sciences appliquées / Sciences pures</string>

				</dict>
				<dict>
					<key>code</key>
					<string>2013</string>

					<key>name</key>
					<string>Sciences pures, techniques et sciences appliquées / Techniques et sciences appliquées</string>

				</dict>
				<dict>
					<key>code</key>
					<string>2080</string>

					<key>name</key>
					<string>Sciences économiques</string>

				</dict>
			</array>

		</dict>
		<dict>
			<key>code</key>
			<string>2100</string>

			<key>name</key>
			<string>Histoire et géographie</string>

			<key>subcategories</key>
			<array>
				<dict>
					<key>code</key>
					<string>2120</string>

					<key>name</key>
					<string>Géographie</string>

				</dict>
				<dict>
					<key>code</key>
					<string>2110</string>

					<key>name</key>
					<string>Histoire</string>

				</dict>
				<dict>
					<key>code</key>
					<string>2111</string>

					<key>name</key>
					<string>Histoire / Histoire générale</string>

				</dict>
				<dict>
					<key>code</key>
					<string>2112</string>

					<key>name</key>
					<string>Histoire / Préhistoire/Antique/Médiévale</string>

				</dict>
				<dict>
					<key>code</key>
					<string>2113</string>

					<key>name</key>
					<string>Histoire / Moderne (&lt;1799)</string>

				</dict>
				<dict>
					<key>code</key>
					<string>2114</string>

					<key>name</key>
					<string>Histoire / Contemporaine (1799 - avant 1945)</string>

				</dict>
				<dict>
					<key>code</key>
					<string>2115</string>

					<key>name</key>
					<string>Histoire / Histoire immédiate (depuis 1945)</string>

				</dict>
			</array>

		</dict>
		<dict>
			<key>code</key>
			<string>2200</string>

			<key>name</key>
			<string>Encyclopédies. Dictionnaires</string>

			<key>subcategories</key>
			<array>
				<dict>
					<key>code</key>
					<string>2210</string>

					<key>name</key>
					<string>Dictionnaires de français</string>

				</dict>
				<dict>
					<key>code</key>
					<string>2211</string>

					<key>name</key>
					<string>Dictionnaires de français / Dictionnaire de français en un seul volume</string>

				</dict>
				<dict>
					<key>code</key>
					<string>2212</string>

					<key>name</key>
					<string>Dictionnaires de français / Dictionnaire de français en plusieurs volumes</string>

				</dict>
				<dict>
					<key>code</key>
					<string>2213</string>

					<key>name</key>
					<string>Dictionnaires de français / Dictionnaire généraliste</string>

				</dict>
				<dict>
					<key>code</key>
					<string>2214</string>

					<key>name</key>
					<string>Dictionnaires de français / Dictionnaire de langage</string>

				</dict>
				<dict>
					<key>code</key>
					<string>2215</string>

					<key>name</key>
					<string>Dictionnaires de français / Dictionnaire scolaire</string>

				</dict>
				<dict>
					<key>code</key>
					<string>2220</string>

					<key>name</key>
					<string>Dictionnaires de langues étrangères</string>

				</dict>
				<dict>
					<key>code</key>
					<string>2221</string>

					<key>name</key>
					<string>Dictionnaires de langues étrangères / Dictionn. de langues d&apos;origine étrangère</string>

				</dict>
				<dict>
					<key>code</key>
					<string>2222</string>

					<key>name</key>
					<string>Dictionnaires de langues étrangères / Dictionn. bilingues Français/Autres langues</string>

				</dict>
				<dict>
					<key>code</key>
					<string>2250</string>

					<key>name</key>
					<string>Encyclopédies en fascicules</string>

				</dict>
				<dict>
					<key>code</key>
					<string>2240</string>

					<key>name</key>
					<string>Encyclopédies et dictionn. thématiques</string>

				</dict>
				<dict>
					<key>code</key>
					<string>2241</string>

					<key>name</key>
					<string>Encyclopédies et dictionn. thématiques / Encyclo. et dictionn. thématique en un seul volume</string>

				</dict>
				<dict>
					<key>code</key>
					<string>2242</string>

					<key>name</key>
					<string>Encyclopédies et dictionn. thématiques / Encyclo. et dictionn. thématique en plusieurs volumes</string>

				</dict>
				<dict>
					<key>code</key>
					<string>2230</string>

					<key>name</key>
					<string>Encyclopédies générales</string>

				</dict>
				<dict>
					<key>code</key>
					<string>2231</string>

					<key>name</key>
					<string>Encyclopédies générales / Encyclopédie générale en un seul volume</string>

				</dict>
				<dict>
					<key>code</key>
					<string>2232</string>

					<key>name</key>
					<string>Encyclopédies générales / Encyclopédie générale en plusieurs volumes</string>

				</dict>
			</array>

		</dict>
		<dict>
			<key>code</key>
			<string>2300</string>

			<key>name</key>
			<string>Littérature générale</string>

			<key>subcategories</key>
			<array>
				<dict>
					<key>code</key>
					<string>2330</string>

					<key>name</key>
					<string>Critiques, analyses, essais</string>

				</dict>
				<dict>
					<key>code</key>
					<string>2310</string>

					<key>name</key>
					<string>Fiction</string>

				</dict>
				<dict>
					<key>code</key>
					<string>2311</string>

					<key>name</key>
					<string>Fiction / Romans classiques</string>

				</dict>
				<dict>
					<key>code</key>
					<string>2312</string>

					<key>name</key>
					<string>Fiction / Romans contemporains</string>

				</dict>
				<dict>
					<key>code</key>
					<string>2313</string>

					<key>name</key>
					<string>Fiction / Romans policiers, espionnage</string>

				</dict>
				<dict>
					<key>code</key>
					<string>2314</string>

					<key>name</key>
					<string>Fiction / Romans dits &quot;sentimentaux&quot;</string>

				</dict>
				<dict>
					<key>code</key>
					<string>2315</string>

					<key>name</key>
					<string>Fiction / Romans de science-fiction, terreur, épouvante</string>

				</dict>
				<dict>
					<key>code</key>
					<string>2316</string>

					<key>name</key>
					<string>Fiction / Romans érotiques</string>

				</dict>
				<dict>
					<key>code</key>
					<string>2317</string>

					<key>name</key>
					<string>Fiction / Romans humoristiques</string>

				</dict>
				<dict>
					<key>code</key>
					<string>2318</string>

					<key>name</key>
					<string>Fiction / Romans historiques</string>

				</dict>
				<dict>
					<key>code</key>
					<string>2319</string>

					<key>name</key>
					<string>Fiction / Contes et légendes/Terroir</string>

				</dict>
				<dict>
					<key>code</key>
					<string>2360</string>

					<key>name</key>
					<string>Humour</string>

				</dict>
				<dict>
					<key>code</key>
					<string>2350</string>

					<key>name</key>
					<string>Mémoires</string>

				</dict>
				<dict>
					<key>code</key>
					<string>2351</string>

					<key>name</key>
					<string>Mémoires / Mémoires, témoignages, biographies</string>

				</dict>
				<dict>
					<key>code</key>
					<string>2340</string>

					<key>name</key>
					<string>Reportages – Actualités - Documents</string>

				</dict>
				<dict>
					<key>code</key>
					<string>2341</string>

					<key>name</key>
					<string>Reportages – Actualités - Documents / Reportages et documents</string>

				</dict>
				<dict>
					<key>code</key>
					<string>2342</string>

					<key>name</key>
					<string>Reportages – Actualités - Documents / Politique</string>

				</dict>
				<dict>
					<key>code</key>
					<string>2320</string>

					<key>name</key>
					<string>Théâtre, poésie</string>

				</dict>
				<dict>
					<key>code</key>
					<string>2322</string>

					<key>name</key>
					<string>Théâtre, poésie / Théâtre</string>

				</dict>
				<dict>
					<key>code</key>
					<string>2323</string>

					<key>name</key>
					<string>Théâtre, poésie / Poésie</string>

				</dict>
			</array>

		</dict>
		<dict>
			<key>code</key>
			<string>2400</string>

			<key>name</key>
			<string>Beaux Livres</string>

			<key>subcategories</key>
			<array>
				<dict>
					<key>code</key>
					<string>2430</string>

					<key>name</key>
					<string>Autres beaux livres</string>

				</dict>
				<dict>
					<key>code</key>
					<string>2420</string>

					<key>name</key>
					<string>Beaux livres d&apos;art</string>

				</dict>
				<dict>
					<key>code</key>
					<string>2410</string>

					<key>name</key>
					<string>Etudes artistiques</string>

				</dict>
			</array>

		</dict>
		<dict>
			<key>code</key>
			<string>2500</string>

			<key>name</key>
			<string>Jeunesse</string>

			<key>subcategories</key>
			<array>
				<dict>
					<key>code</key>
					<string>2520</string>

					<key>name</key>
					<string>Albums, livres d&apos;images pour enfants</string>

				</dict>
				<dict>
					<key>code</key>
					<string>2550</string>

					<key>name</key>
					<string>Documentaire/Activités</string>

				</dict>
				<dict>
					<key>code</key>
					<string>2510</string>

					<key>name</key>
					<string>Enfants</string>

				</dict>
				<dict>
					<key>code</key>
					<string>2530</string>

					<key>name</key>
					<string>Eveil, petite enfance, albums à colorier</string>

				</dict>
				<dict>
					<key>code</key>
					<string>2540</string>

					<key>name</key>
					<string>Fiction</string>

				</dict>
			</array>

		</dict>
		<dict>
			<key>code</key>
			<string>2600</string>

			<key>name</key>
			<string>Bandes dessinées</string>

			<key>subcategories</key>
			<array>
				<dict>
					<key>code</key>
					<string>2620</string>

					<key>name</key>
					<string>Bandes dessinées pour les adultes</string>

				</dict>
				<dict>
					<key>code</key>
					<string>2610</string>

					<key>name</key>
					<string>Bandes dessinées pour les jeunes</string>

				</dict>
				<dict>
					<key>code</key>
					<string>2640</string>

					<key>name</key>
					<string>Mangas, comics adolescents</string>

				</dict>
				<dict>
					<key>code</key>
					<string>2630</string>

					<key>name</key>
					<string>Mangas, comics jeunes</string>

				</dict>
			</array>

		</dict>
		<dict>
			<key>code</key>
			<string>2700</string>

			<key>name</key>
			<string>Ouvrages de documentation</string>

			<key>subcategories</key>
			<array>
				<dict>
					<key>code</key>
					<string>2710</string>

					<key>name</key>
					<string>Ouvrages de documentation</string>

				</dict>
			</array>

		</dict>
		<dict>
			<key>code</key>
			<string>2800</string>

			<key>name</key>
			<string>Livres pratiques</string>

			<key>subcategories</key>
			<array>
				<dict>
					<key>code</key>
					<string>2830</string>

					<key>name</key>
					<string>Autres loisirs</string>

				</dict>
				<dict>
					<key>code</key>
					<string>2831</string>

					<key>name</key>
					<string>Autres loisirs / Jeux de société - Sports cérébraux</string>

				</dict>
				<dict>
					<key>code</key>
					<string>2832</string>

					<key>name</key>
					<string>Autres loisirs / Généalogie</string>

				</dict>
				<dict>
					<key>code</key>
					<string>2833</string>

					<key>name</key>
					<string>Autres loisirs / Collections</string>

				</dict>
				<dict>
					<key>code</key>
					<string>2820</string>

					<key>name</key>
					<string>Conseils pratique et Divers</string>

				</dict>
				<dict>
					<key>code</key>
					<string>2821</string>

					<key>name</key>
					<string>Conseils pratique et Divers / Méthodes de langues (hors scolaire)</string>

				</dict>
				<dict>
					<key>code</key>
					<string>2822</string>

					<key>name</key>
					<string>Conseils pratique et Divers / Vie professionnelle (informatique, autoformation)</string>

				</dict>
				<dict>
					<key>code</key>
					<string>2823</string>

					<key>name</key>
					<string>Conseils pratique et Divers / Santé et vie de la famille (santé physique et mentale, hygiène, sexualité, psychologie, pédagogie, enfants)</string>

				</dict>
				<dict>
					<key>code</key>
					<string>2824</string>

					<key>name</key>
					<string>Conseils pratique et Divers / Activités artistiques, décoration</string>

				</dict>
				<dict>
					<key>code</key>
					<string>2825</string>

					<key>name</key>
					<string>Conseils pratique et Divers / Activités manuelles, bricolage</string>

				</dict>
				<dict>
					<key>code</key>
					<string>2826</string>

					<key>name</key>
					<string>Conseils pratique et Divers / Cuisine, gastronomie, vins</string>

				</dict>
				<dict>
					<key>code</key>
					<string>2827</string>

					<key>name</key>
					<string>Conseils pratique et Divers / Sports, transports</string>

				</dict>
				<dict>
					<key>code</key>
					<string>2828</string>

					<key>name</key>
					<string>Conseils pratique et Divers / Nature et animaux</string>

				</dict>
				<dict>
					<key>code</key>
					<string>2829</string>

					<key>name</key>
					<string>Conseils pratique et Divers / Jardinage</string>

				</dict>
				<dict>
					<key>code</key>
					<string>2810</string>

					<key>name</key>
					<string>Tourisme, Guides et Monographies</string>

				</dict>
				<dict>
					<key>code</key>
					<string>2811</string>

					<key>name</key>
					<string>Tourisme, Guides et Monographies / Guides de tourisme</string>

				</dict>
				<dict>
					<key>code</key>
					<string>2812</string>

					<key>name</key>
					<string>Tourisme, Guides et Monographies / Ouvrages divers de tourisme</string>

				</dict>
				<dict>
					<key>code</key>
					<string>2813</string>

					<key>name</key>
					<string>Tourisme, Guides et Monographies / Guides hôtels et restaurants</string>

				</dict>
				<dict>
					<key>code</key>
					<string>2814</string>

					<key>name</key>
					<string>Tourisme, Guides et Monographies / Guides camping et caravaning</string>

				</dict>
				<dict>
					<key>code</key>
					<string>2815</string>

					<key>name</key>
					<string>Tourisme, Guides et Monographies / Guides et randonnées</string>

				</dict>
				<dict>
					<key>code</key>
					<string>2816</string>

					<key>name</key>
					<string>Tourisme, Guides et Monographies / Albums et beaux livres de voyage (paysages, pays, villes, lieux, voyages)</string>

				</dict>
			</array>

		</dict>
		<dict>
			<key>code</key>
			<string>2900</string>

			<key>name</key>
			<string>Cartes géographiques &amp; Atlas</string>

			<key>subcategories</key>
			<array>
				<dict>
					<key>code</key>
					<string>2920</string>

					<key>name</key>
					<string>Atlas</string>

				</dict>
				<dict>
					<key>code</key>
					<string>2921</string>

					<key>name</key>
					<string>Atlas / Atlas géographiques</string>

				</dict>
				<dict>
					<key>code</key>
					<string>2910</string>

					<key>name</key>
					<string>Cartes géographiques</string>

				</dict>
				<dict>
					<key>code</key>
					<string>2911</string>

					<key>name</key>
					<string>Cartes géographiques / Cartes géographiques</string>

				</dict>
				<dict>
					<key>code</key>
					<string>2912</string>

					<key>name</key>
					<string>Cartes géographiques / Cartes routières</string>

				</dict>
				<dict>
					<key>code</key>
					<string>2913</string>

					<key>name</key>
					<string>Cartes géographiques / Cartes thématiques</string>

				</dict>
				<dict>
					<key>code</key>
					<string>2914</string>

					<key>name</key>
					<string>Cartes géographiques / Globes terrestres</string>

				</dict>
				<dict>
					<key>code</key>
					<string>2915</string>

					<key>name</key>
					<string>Cartes géographiques / Cartes marines</string>

				</dict>
				<dict>
					<key>code</key>
					<string>2930</string>

					<key>name</key>
					<string>Plans et atlas routiers</string>

				</dict>
				<dict>
					<key>code</key>
					<string>2931</string>

					<key>name</key>
					<string>Plans et atlas routiers / Plans de ville</string>

				</dict>
				<dict>
					<key>code</key>
					<string>2932</string>

					<key>name</key>
					<string>Plans et atlas routiers / Atlas routiers</string>

				</dict>
			</array>

		</dict>
		<dict>
			<key>code</key>
			<string>2822</string>

			<key>name</key>
			<string>Vie professionelle (informatique, autoformation)</string>

		</dict>
	</array>
</plist>