<?xml version="1.0" encoding="UTF-8" standalone="yes"?>
<!DOCTYPE plist PUBLIC "-//Apple//DTD PLIST 1.0//EN" "http://www.apple.com/DTDs/PropertyList-1.0.dtd">
<plist version="1.0">
<array>
	<dict>
		<key>code</key>
		<string>04</string>
		<key>name</key>
		<string>Active</string>
		<key>details</key>
		<string>The product was published, and is still active in the sense that the publisher will accept orders for it, though it may or
               may not be immediately available, for which see &lt;SupplyDetail&gt;.
            </string>
	</dict>
	<dict>
		<key>code</key>
		<string>01</string>
		<key>name</key>
		<string>Cancelled</string>
		<key>details</key>
		<string>The product was announced, and subsequently abandoned; the &lt;PublicationDate&gt; element must not be sent.</string>
	</dict>
	<dict>
		<key>code</key>
		<string>02</string>
		<key>name</key>
		<string>Forthcoming</string>
		<key>details</key>
		<string>Not yet published, must be accompanied by expected date in &lt;PublicationDate&gt;.</string>
	</dict>
	<dict>
		<key>code</key>
		<string>03</string>
		<key>name</key>
		<string>Postponed indefinitely</string>
		<key>details</key>
		<string>The product was announced, and subsequently postponed with no expected publication date; the&lt;Publication Date&gt; element must
               not be sent.
            </string>
	</dict>
	<dict>
		<key>code</key>
		<string>05</string>
		<key>name</key>
		<string>No longer our product</string>
		<key>details</key>
		<string>Ownership of the product has been transferred to another publisher (with details of acquiring publisher if possible in PR.19
               (ONIX 2.1) OR P.19 (ONIX 3.0)).
            </string>
	</dict>
	<dict>
		<key>code</key>
		<string>07</string>
		<key>name</key>
		<string>Out of print</string>
		<key>details</key>
		<string>The product was active, but is now permanently inactive in the sense that (a) the publisher will not accept orders for it,
               though stock may still be available elsewhere in the supply chain, and (b) the product will not be made available again under
               the same ISBN. Code 07 normally implies that the publisher will not accept returns beyond a specified date.
            </string>
	</dict>
	<dict>
		<key>code</key>
		<string>08</string>
		<key>name</key>
		<string>Inactive</string>
		<key>details</key>
		<string>The product was active, but is now permanently or indefinitely inactive in the sense that the publisher will not accept orders
               for it, though stock may still be available elsewhere in the supply chain. Code 08 covers both of codes 06 and 07, and may
               be used where the distinction between those values is either unnecessary or meaningless.
            </string>
	</dict>
	<dict>
		<key>code</key>
		<string>10</string>
		<key>name</key>
		<string>Remaindered</string>
		<key>details</key>
		<string>The product is no longer available from the current publisher, under the current ISBN, at the current price. It may be available
               to be traded through another channel. A Publishing Status code 10 'Remaindered' usually but not always means that the publisher
               has decided to sell off excess inventory of the book. Copies of books that are remaindered are often made available in the
               supply chain at a reduced price. However, such remainders are often sold under a product identifier that differs from the
               ISBN on the full-priced copy of the book. A Publishing Status code 10 'Remaindered' on a given product record may or may not
               be followed by a Publishing Status code 06 'Out of Stock Indefinitely' or 07 'Out of Print': the practise varies from one
               publisher to another. Some publishers may revert to a Publishing Status code 04 'Active' if a desired inventory level on the
               product in question has subsequently been reached. No change in rights should ever be inferred from this (or any other) Publishing
               Status code value.
            </string>
	</dict>
	<dict>
		<key>code</key>
		<string>11</string>
		<key>name</key>
		<string>Withdrawn from sale</string>
		<key>details</key>
		<string>Withdrawn, typically for legal reasons or to avoid giving offence</string>
	</dict>
	<dict>
		<key>code</key>
		<string>12</string>
		<key>name</key>
		<string>Recalled</string>
		<key>details</key>
		<string>Recalled for reasons of consumer safety</string>
         </dict>
</array>
</plist>         