<?xml version="1.0" encoding="UTF-8" standalone="yes"?>
<!DOCTYPE plist PUBLIC "-//Apple//DTD PLIST 1.0//EN" "http://www.apple.com/DTDs/PropertyList-1.0.dtd">
<plist version="1.0">
    <array>
	<dict>
            <key>name</key>
            <string>New Release</string>
            <key>code</key>
            <string>new-release</string>
            <key>physical-list-price-required</key>
            <string>1</string>
	</dict>
	<dict>
            <key>name</key>
            <string>Digital Only</string>
            <key>code</key>
            <string>digital-only</string>
            <key>physical-list-price-required</key>
            <string>0</string>
	</dict>
	<dict>
            <key>name</key>
            <string>Other</string>
            <key>code</key>
            <string>other</string>
            <key>physical-list-price-required</key>
            <string>1</string>
	</dict>
    </array>
</plist>