<?xml version="1.0" encoding="UTF-8"?>
<!DOCTYPE plist PUBLIC "-//Apple//DTD PLIST 1.0//EN" "http://www.apple.com/DTDs/PropertyList-1.0.dtd">
<plist version="1.0">
<array>
    <!-- Book Info -->
    <dict>
        <key>define</key>
        <string>VendorIdType</string>
        <key>xpath</key>
        <string>/package/book/vendor_id</string>
        <key>fieldName</key>
        <string>Vendor Identifier</string>
        <key>required</key>
        <integer>1</integer>
        <key>identifier</key>
        <string>VendorId</string>
        <key>customErrorMesage</key>
        <string>You must provide a vendor ID.</string>
    </dict>
    <dict>
        <key>define</key>
        <string>VendorIdType</string>
        <key>xpath</key>
        <string>/package/book/metadata/identifiers/identifier[@scheme='isbn13']</string>
        <key>fieldName</key>
        <string>ISBN</string>
        <key>required</key>
        <integer>1</integer>
        <key>identifier</key>
        <string>ISBN 13</string>
        <key>alteration</key>
        <dict>
            <key>binding</key>
            <string>enabled</string>
            <key>keyPath</key>
            <string>shouldRequireISBN</string>
        </dict>
        <key>customErrorMesage</key>
        <string>You must provide an ISBN.</string>
    </dict>
    <dict>
        <key>define</key>
        <string>String</string>
        <key>xpath</key>
        <string>/package/book/metadata/title</string>
        <key>fieldName</key>
        <string>Title</string>
        <key>required</key>
        <integer>1</integer>
        <key>identifier</key>
        <string>Book Title</string>
        <key>customErrorMesage</key>
        <string>You must provide a title for your book.</string>
    </dict>
    <dict>
        <key>define</key>
        <string>String</string>
        <key>xpath</key>
        <string>/package/book/metadata/languages/language[@type='main']</string>
        <key>fieldName</key>
        <string>Language</string>
        <key>required</key>
        <integer>1</integer>
        <key>identifier</key>
        <string>Book Language Combo Box</string>
        <key>customErrorMesage</key>
        <string>You must choose a book language.</string>
    </dict>
    <dict>
        <key>define</key>
        <string>String</string>
        <key>xpath</key>
        <string>/package/book/metadata/description</string>
        <key>fieldName</key>
        <string>Book Description</string>
        <key>required</key>
        <integer>1</integer>
        <key>identifier</key>
        <string>Book Description</string>
        <key>customErrorMesage</key>
        <string>You must provide a description.</string>
    </dict>
    <dict>
        <key>define</key>
        <string>String</string>
        <key>xpath</key>
        <string>/package/book/metadata/publisher</string>
        <key>fieldName</key>
        <string>Publisher</string>
        <key>required</key>
        <integer>1</integer>
        <key>identifier</key>
        <string>Book Publisher</string>
        <key>customErrorMesage</key>
        <string>You must provide a publisher name.</string>
    </dict>
    <dict>
        <key>xpath</key>
        <string>/package/book/metadata/publication_date</string>
        <key>define</key>
        <string>FormattedDate</string>
        <key>fieldName</key>
        <string>Publication Date</string>
        <key>required</key>
        <integer>1</integer>
        <key>identifier</key>
        <string>Book Publication Date</string>
        <key>customErrorMesage</key>
        <string>You must provide a Publication Date.</string>
        <key>alteration</key>
        <dict>
            <key>binding</key>
            <string>enabled</string>
            <key>keyPath</key>
            <string>shouldRequirePublicationDate</string>
        </dict>
    </dict>
    <dict>
        <key>define</key>
        <string>String</string>
        <key>xpath</key>
        <string>/package/book/metadata/publication_type</string>
        <key>fieldName</key>
        <string>Book Type</string>
        <key>required</key>
        <integer>1</integer>
        <key>identifier</key>
        <string>Book Type</string>
    </dict>
    <dict>
        <key>xpath</key>
        <string>/package/book/metadata/series_info/series</string>
        <key>childDict</key>
        <dict>
            <key>define</key>
            <string>String</string>
            <key>xpath</key>
            <string>title</string>
            <key>fieldName</key>
            <string>Book Series Name</string>
            <key>required</key>
            <integer>1</integer>
            <key>identifier</key>
            <string>Book Series Name</string>
        </dict>  
    </dict>
    
    <!-- Book Subject Categories -->
    <dict>
        <key>define</key>
        <string>String</string>
        <key>xpath</key>
        <string>/package/book/metadata/subjects/subject</string>
        <key>fieldName</key>
        <string>Add Book Category Scheme</string>
        <key>required</key>
        <integer>1</integer>
        <key>identifier</key>
        <string>Add Book Category Scheme</string>
        <key>customErrorMesage</key>
        <string>You must choose a subject category.</string>
    </dict>
    <dict>
        <key>xpath</key>
        <string>/package/book/metadata/subjects/subject</string>
        <key>childDict</key>
        <dict>
            <key>define</key>
            <string>String</string>
            <key>xpath</key>
            <string>child::text()</string>
            <key>fieldName</key>
            <string>Main Category</string>
            <key>required</key>
            <integer>1</integer>
            <key>identifier</key>
            <string>Book Subject Sub Category</string>
            <key>customErrorMesage</key>
            <string>You must choose a subject category.</string>
        </dict>
    </dict>
    <dict>
        <key>define</key>
        <string>String</string>
        <key>xpath</key>
        <string>/package/book/metadata/subjects/subject[@primary='true']</string>
        <key>fieldName</key>
        <string>Primary Category</string>
        <key>required</key>
        <integer>1</integer>
        <key>identifier</key>
        <string>Book Subject Primary</string>
    </dict>

    <!-- Book Contributor -->
    <dict>
        <key>xpath</key>
        <string>/package/book/metadata/contributors/contributor</string>
        <key>fieldName</key>
        <string>Author</string>
        <key>required</key>
        <integer>1</integer>
        <key>identifier</key>        
        <string>Book Contributor Table View</string>
        <key>childDict</key>
        <dict>
            <key>define</key>
            <string>String</string>
            <key>xpath</key>
            <string>roles/role</string>
            <key>fieldName</key>
            <string>Author Role</string>
            <key>required</key>
            <integer>1</integer>
            <key>identifier</key>
            <string>Book Contributor Role</string>
            <key>customErrorMesage</key>
            <string>You must provide an author.</string>
        </dict>
    </dict>
    <dict>
        <key>xpath</key>
        <string>/package/book/metadata/contributors/contributor</string>
        <key>childDict</key>
        <dict>
            <key>define</key>
            <string>String</string>
            <key>xpath</key>
            <string>name</string>
            <key>fieldName</key>
            <string>Author Name</string>
            <key>required</key>
            <integer>1</integer>
            <key>identifier</key>
            <string>Book Contributor Person Name</string>
            <key>customErrorMesage</key>
            <string>You must provide a name for your author.</string>
        </dict>
    </dict>
    <dict>
        <key>define</key>
        <string>String</string>
        <key>xpath</key>
        <string>/package/book/metadata/contributors/contributor[primary='true']</string>
        <key>fieldName</key>
        <string>Primary Author</string>
        <key>required</key>
        <integer>1</integer>
        <key>identifier</key>        
        <string>Book Contributor Primary</string>
    </dict>
    
    <!-- Book Target Audience -->
    <dict>
        <key>xpath</key>
        <string>/package/book/metadata/audience_info/audience</string>
        <key>define</key>
        <string>String</string>
        <key>xpath</key>
        <string>@scheme</string>
        <key>fieldName</key>
        <string>Target Audience Criteria</string>
        <key>required</key>
        <integer>1</integer>
        <key>identifier</key>
        <string>Book Target Audience Popup</string>
        <key>alteration</key>
        <dict>
            <key>binding</key>
            <string>enabled</string>
            <key>keyPath</key>
            <string>shouldRequireTargetAudience</string>
        </dict>
    </dict>
    <dict>
        <key>xpath</key>
        <string>/package/book/metadata/audience_info/</string>
        <key>childDict</key>
        <dict>
            <key>xpath</key>
            <string>audience[@scheme='apple']</string>
            <key>define</key>
            <string>String</string>
            <key>xpath</key>
            <string>value</string>
            <key>fieldName</key>
            <string>Apple Value</string>
            <key>required</key>
            <integer>1</integer>
            <key>identifier</key>
            <string>Book Audience Constrained Single</string>
        </dict>
    </dict>
    <dict>
        <key>xpath</key>
        <string>/package/book/metadata/audience_info/</string>
        <key>childDict</key>
        <dict>
            <key>xpath</key>
            <string>audience[@scheme='interest-age-years']</string>
            <key>define</key>
            <string>String</string>
            <key>xpath</key>
            <string>range</string>
            <key>fieldName</key>
            <string>Interest Age Years Value</string>
            <key>required</key>
            <integer>1</integer>
            <key>identifier</key>
            <string>Book Audience Constrained Range Groups</string>
        </dict>
    </dict>
    <dict>
        <key>xpath</key>
        <string>/package/book/metadata/audience_info/</string>
        <key>childDict</key>
        <dict>
            <key>xpath</key>
            <string>audience[@scheme='us-school-grade'] | audience[@scheme='canadian-school-grade'] | audience[@scheme='quebec-school-grade'] | audience[@scheme='australia-school-grade'] | audience[@scheme='uk-national-curriculum'] | audience[@scheme='scotland-curriculum']</string>
            <key>define</key>
            <string>String</string>
            <key>xpath</key>
            <string>value | range</string>
            <key>fieldName</key>
            <string>School Grade Value</string>
            <key>required</key>
            <integer>1</integer>
            <key>identifier</key>
            <string>Book Audience Constrained Range</string>
        </dict>
    </dict>
    <dict>
        <key>xpath</key>
        <string>/package/book/metadata/audience_info/</string>
        <key>childDict</key>
        <dict>
            <key>xpath</key>
            <string>audience[@scheme='reading-age-years']</string>
            <key>define</key>
            <string>String</string>
            <key>xpath</key>
            <string>value | range</string>
            <key>fieldName</key>
            <string>Reading Age Years Value</string>
            <key>required</key>
            <integer>1</integer>
            <key>identifier</key>
            <string>Book Audience Unconstrained Range</string>
        </dict>
    </dict>
    <dict>
        <key>xpath</key>
        <string>/package/book/metadata/audience_info/</string>
        <key>childDict</key>
        <dict>
            <key>xpath</key>
            <string>audience[@scheme='uk-exam-board']</string>
            <key>define</key>
            <string>String</string>
            <key>xpath</key>
            <string>value</string>
            <key>fieldName</key>
            <string>Target Exam Board</string>
            <key>required</key>
            <integer>1</integer>
            <key>identifier</key>
            <string>Book Audience Constrained Single</string>
        </dict>
    </dict>
    
    <!-- Book Related Products -->
    <dict>
        <key>xpath</key>
        <string>/package/book/metadata/related_content</string>
        <key>childDict</key>
        <dict>
            <key>define</key>
            <string>String</string>
            <key>xpath</key>
            <string>related_item[@type]</string>
            <key>fieldName</key>
            <string>Related Product Relation</string>
            <key>required</key>
            <integer>1</integer>
            <key>identifier</key>
            <string>Book Related Products Relation Popup</string>
        </dict>  
    </dict>  
    <dict>
        <key>xpath</key>
        <string>/package/book/metadata/related_content/related_item</string>
        <key>childDict</key>
        <dict>
            <key>define</key>
            <string>String</string>
            <key>xpath</key>
            <string>identifier[@scheme]</string>
            <key>fieldName</key>
            <string>Related Product Identifier</string>
            <key>required</key>
            <integer>1</integer>
            <key>identifier</key>
            <string>Book Related Products ISBN-13</string>
        </dict>  
    </dict>
    
    <!-- Book Territory Rights -->
    <dict>
        <key>xpath</key>
        <string>/package/book/metadata/products/product</string>
        <key>required</key>
        <integer>1</integer>
        <key>alteration</key>
        <dict>
            <key>binding</key>
            <string>enabled</string>
            <key>keyPath</key>
            <string>shouldRequireExplicitPricingValues</string>
        </dict>
        <key>childDict</key>
        <dict>
            <key>define</key>
            <string>String</string>
            <key>xpath</key>
            <string>territory</string>
            <key>fieldName</key>
            <string>Territory</string>
            <key>required</key>
            <integer>1</integer>
            <key>identifier</key>
            <string>Book Products Mass Pricing Button</string>
        </dict>
    </dict>
    <dict>
        <key>xpath</key>
        <string>/package/book/metadata/products/product[release_type!='digital-only']</string>
        <key>childDict</key>
        <dict>
            <key>define</key>
            <string>String</string>
            <key>xpath</key>
            <string>physical_list_price</string>
            <key>fieldName</key>
            <string>Suggested Physical Retail Price</string>
            <key>required</key>
            <integer>1</integer>
            <key>identifier</key>
            <string>Book Products Suggested Retail Price</string>
        </dict>  
    </dict>  
    <dict>
        <key>xpath</key>
        <string>/package/book/metadata/products/product</string>
        <key>childDict</key>
        <dict>
            <key>define</key>
            <string>String</string>
            <key>xpath</key>
            <string>drm_free</string>
            <key>fieldName</key>
            <string>DRM Free</string>
            <key>required</key>
            <integer>1</integer>
            <key>identifier</key>
            <string>Book Products DRM Free</string>
        </dict>  
    </dict>  

    <!-- Assets -->
    <dict>
        <key>define</key>
        <string>PublicationAssetFile</string>
        <key>xpath</key>
        <string>/package/book/assets/asset[@type='full']</string>
        <key>fieldName</key>
        <string>Publication</string>
        <key>required</key>
        <integer>1</integer>
        <key>identifier</key>
        <string>Assets Publication File Well</string>
        <key>alteration</key>
        <dict>
            <key>binding</key>
            <string>enabled</string>
            <key>keyPath</key>
            <string>shouldPublicationAssetsBeRequired</string>
        </dict>
    </dict>  
    <dict>
        <key>define</key>
        <string>PublicationAssetFile</string>
        <key>xpath</key>
        <string>/package/book/assets/asset[@type='artwork']</string>
        <key>fieldName</key>
        <string>Cover Art</string>
        <key>required</key>
        <integer>1</integer>
        <key>identifier</key>
        <string>Assets Cover Art File Well</string>
        <key>alteration</key>
        <dict>
            <key>binding</key>
            <string>enabled</string>
            <key>keyPath</key>
            <string>shouldPublicationAssetsBeRequired</string>
        </dict>
        <key>customErrorMesage</key>
        <string>You must provide cover art.</string>
    </dict>
    <dict>
        <key>xpath</key>
        <string>/package/book/assets/asset[@type='ipad_screenshot']/data_file</string>
        <key>childDict</key>
        <dict>
            <key>define</key>
            <string>String</string>
            <key>xpath</key>
            <string>file_name</string>
            <key>fieldName</key>
            <string>Screenshot Filename</string>
            <key>required</key>
            <integer>1</integer>
            <key>identifier</key>
            <string>Screenshot Filewell</string>
        </dict>
    </dict> 
</array>
</plist>
