<?xml version="1.0" encoding="UTF-8" standalone="yes"?>
<!DOCTYPE plist PUBLIC "-//Apple//DTD PLIST 1.0//EN" "http://www.apple.com/DTDs/PropertyList-1.0.dtd">
<plist version="1.0">
    <array>
        <dict>
            <key>name</key>
            <string>Latest</string>
            <key>code</key>
            <string>latest</string>
        </dict>
	<dict>
            <key>name</key>
            <string>Live</string>
            <key>code</key>
            <string>live</string>
	</dict>
	<dict>
            <key>name</key>
            <string>In Flight</string>
            <key>code</key>
            <string>in-flight</string>
	</dict>
    </array>
</plist>