<?xml version="1.0" encoding="UTF-8" standalone="yes"?>
<!DOCTYPE plist PUBLIC "-//Apple//DTD PLIST 1.0//EN" "http://www.apple.com/DTDs/PropertyList-1.0.dtd">
<plist version="1.0">
<array>
	<dict>
		<key>code</key>
		<string>01</string>
		<key>name</key>
		<string>Publisher</string>
		<key>details</key>
		<string></string>
	</dict>
	<dict>
		<key>code</key>
		<string>02</string>
		<key>name</key>
		<string>Co-publisher</string>
		<key>details</key>
		<string></string>
	</dict>
	<dict>
		<key>code</key>
		<string>03</string>
		<key>name</key>
		<string>Sponsor</string>
		<key>details</key>
		<string></string>
	</dict>
	<dict>
		<key>code</key>
		<string>04</string>
		<key>name</key>
		<string>Publisher of original-language version</string>
		<key>details</key>
		<string>Of a translated work</string>
	</dict>
	<dict>
		<key>code</key>
		<string>05</string>
		<key>name</key>
		<string>Host/distributor of electronic content</string>
		<key>details</key>
		<string></string>
	</dict>
	<dict>
		<key>code</key>
		<string>06</string>
		<key>name</key>
		<string>Published for/on behalf of</string>
		<key>details</key>
		<string></string>
	</dict>
	<dict>
		<key>code</key>
		<string>07</string>
		<key>name</key>
		<string>Published in association with</string>
		<key>details</key>
		<string>Use also for 'Published in cooperation with'</string>
	</dict>
	<dict>
		<key>code</key>
		<string>09</string>
		<key>name</key>
		<string>New or acquiring publisher</string>
		<key>details</key>
		<string>When ownership of a product or title is transferred from one publisher to another</string>
	</dict>
	<dict>
		<key>code</key>
		<string>10</string>
		<key>name</key>
		<string>Publishing group</string>
		<key>details</key>
		<string>The group to which a publisher (publishing role 01) belongs: use only if a publisher has been identified with role code 01</string>
	</dict>
	<dict>
		<key>code</key>
		<string>11</string>
		<key>name</key>
		<string>Publisher of facsimile original</string>
		<key>details</key>
		<string>The publisher of the edition of which a product is a facsimile</string>
	</dict>
	<dict>
		<key>code</key>
		<string>12</string>
		<key>name</key>
		<string>Repackager of prebound edition</string>
		<key>details</key>
		<string>The repackager of a prebound edition that has been assigned its own identifier. (In the US, a 'prebound edition' is a book that was previously bound, normally as a paperback, and has been rebound with a library-quality hardcover binding by a supplier other than the original publisher.) Required when the &lt;EditionType&gt; is coded PRB. The original publisher should be named as the 'publisher'.</string>
	</dict>
</array>
</plist>