<?xml version="1.0" encoding="UTF-8"?>
<!DOCTYPE mapping PUBLIC "-//EXOLAB/Castor Mapping DTD Version 1.0//EN" "http://castor.org/mapping.dtd">
<mapping>
	<description>Mapping of RelaxNG grammar to objects</description>
	
	<!-- mapping for class 'AbstractElement' -->
	<class name="AbstractElement" type="MZGenericRecord">
		<field name="datatypeLibrary"><bind-xml node="attribute"/></field>
		<field name="ns"><bind-xml node="attribute"/></field>
		<field name="xmlns"><bind-xml node="attribute"/></field>
	</class>

	<!-- mapping for class 'AbstractContainer' -->
	<class name="AbstractContainer" extends="AbstractElement" type="RNGAbstractContainer">
		<field name="children" collection="array"><bind-xml auto-naming="deriveByClass" node="element"/></field>
	</class>

	<!-- mapping for class 'Grammar' -->
	<class name="RNGGrammar" extends="AbstractContainer">
		<map-to xml="grammar"/>
		<field name="include"><bind-xml node="element"/></field>
		<field name="start"><bind-xml node="element"/></field>
	</class>

	<!-- mapping for class 'Include' -->
	<class name="Include" extends="AbstractElement" type="RNGAbstractElement">
		<map-to xml="include"/>
		<field name="href" required="true"><bind-xml node="attribute"/></field>
	</class>

	<!-- mapping for class 'Start' -->
	<class name="Start" extends="AbstractContainer" type="RNGAbstractElement">
		<map-to xml="start"/>
	</class>

	<!-- mapping for class 'Define' -->
	<class name="RNGDefine" extends="AbstractContainer">
		<map-to xml="define"/>
		<field name="name" required="true"><bind-xml node="attribute"/></field>
		<field name="combine"><bind-xml node="attribute"/></field>
	</class>

	<!-- mapping for class 'Param' -->
	<class name="RNGParam" extends="AbstractElement">
		<map-to xml="param"/>
		<field name="name" required="true"><bind-xml node="attribute"/></field>
		<field name="value"><bind-xml node="text"/></field>
	</class>

	<!-- mapping for class 'Data' -->
	<class name="RNGData" extends="AbstractElement">
		<map-to xml="data"/>
		<field name="type" required="true"><bind-xml node="attribute"/></field>
		<field name="params" collection="array" type="RNGParam"><bind-xml name="param" node="element"/></field>
	</class>

	<!-- mapping for class 'Attribute' -->
	<class name="Attribute" extends="AbstractContainer" type="RNGAbstractElement">
		<map-to xml="attribute"/>
		<field name="name"><bind-xml node="attribute"/></field>
	</class>

	<!-- mapping for class 'Element' -->
	<class name="RNGElement" extends="AbstractContainer">
		<map-to xml="element"/>
		<field name="name"><bind-xml node="attribute"/></field>
		<field name="ref" type="RNGRef"><bind-xml name="ref" node="element"/></field>
	</class>

	<!-- mapping for class 'Choice' -->
	<class name="RNGChoice" extends="AbstractContainer">
		<map-to xml="choice"/>
	</class>

	<!-- mapping for class 'Interleave' -->
	<class name="Interleave" extends="AbstractContainer" type="RNGAbstractElement">
		<map-to xml="interleave"/>
	</class>

	<!-- mapping for class 'Group' -->
	<class name="Group" extends="AbstractContainer" type="RNGAbstractElement">
		<map-to xml="group"/>
	</class>

	<!-- mapping for class 'List' -->
	<class name="List" extends="AbstractContainer" type="RNGAbstractElement">
		<map-to xml="list"/>
	</class>

	<!-- mapping for class 'Mixed' -->
	<class name="Mixed" extends="AbstractContainer" type="RNGAbstractElement">
		<map-to xml="mixed"/>
	</class>

	<!-- mapping for class 'Optional' -->
	<class name="Optional" extends="AbstractContainer" type="RNGAbstractElement">
		<map-to xml="optional"/>
	</class>

	<!-- mapping for class 'ZeroOrMore' -->
	<class name="ZeroOrMore" extends="AbstractContainer" type="RNGAbstractElement">
		<map-to xml="zeroOrMore"/>
	</class>

	<!-- mapping for class 'OneOrMore' -->
	<class name="OneOrMore" extends="AbstractContainer" type="RNGAbstractElement">
		<map-to xml="oneOrMore"/>
	</class>

	<!-- Concrete types -->
	<!-- mapping for class 'Ref' -->
	<class name="RNGRef" extends="AbstractElement">
        <map-to xml="ref"/>
		<field name="name" required="true"><bind-xml node="attribute"/></field>
	</class>

	<!-- mapping for class 'ParentRef' -->
	<class name="ParentRef" extends="AbstractElement" type="RNGAbstractElement">
		<map-to xml="parentRef"/>
		<field name="name" required="true"><bind-xml node="attribute"/></field>
	</class>

	<!-- mapping for class 'Empty' -->
	<class name="RNGEmpty" extends="AbstractElement">
		<map-to xml="empty"/>
	</class>

	<!-- mapping for class 'Text' -->
	<class name="RNGText" extends="AbstractElement">
		<map-to xml="text"/>
	</class>

	<!-- mapping for class 'NotAllowed' -->
	<class name="NotAllowed" extends="AbstractElement" type="RNGAbstractElement">
		<map-to xml="notAllowed"/>
	</class>

	<!-- mapping for class 'Value' -->
	<class name="RNGValue" extends="AbstractElement">
		<map-to xml="value"/>
		<field name="type"><bind-xml node="attribute"/></field>
		<field name="value"><bind-xml node="text"/></field>
	</class>
    
    <!-- mapping for class 'anyName' -->
    <class name="RNGAnyName" extends="AbstractContainer" type="RNGAbstractElement">
        <map-to xml="anyName"/>
    </class>

</mapping>
